"DT_GERACAO";"HH_GERACAO";"ANO_ELEICAO";"CD_TIPO_ELEICAO";"NM_TIPO_ELEICAO";"CD_ELEICAO";"DS_ELEICAO";"SG_UF";"SG_UE";"NM_UE";"SQ_CANDIDATO";"NR_PROCESSO";"DS_TP_MOTIVO";"DS_MOTIVO"
"26/09/2026";"19:30:55";2026;2;"Eleição Ordinária";6259;"Eleições Gerais Estaduais 2026";"PR";"PR";"PARANÁ";"160002551182";"-1";"Fundamentos legais de julgamento";"Ausência de condição de elegibilidade"
"26/09/2026";"19:30:55";2026;2;"Eleição Ordinária";6259;"Eleições Gerais Estaduais 2026";"PR";"PR";"PARANÁ";"160002554285";"-1";"Fundamentos legais de julgamento";"Ausência de condição de elegibilidade"
"26/09/2026";"19:30:55";2026;2;"Eleição Ordinária";6259;"Eleições Gerais Estaduais 2026";"PR";"PR";"PARANÁ";"160002549530";"-1";"Fundamentos legais de julgamento";"Inelegibilidade infraconstitucional(LC 64/90)"
"26/09/2026";"19:30:55";2026;2;"Eleição Ordinária";6259;"Eleições Gerais Estaduais 2026";"PR";"PR";"PARANÁ";"160002549531";"-1";"Fundamentos legais de julgamento";"Inelegibilidade infraconstitucional(LC 64/90)"
"26/09/2026";"19:30:55";2026;2;"Eleição Ordinária";6259;"Eleições Gerais Estaduais 2026";"PR";"PR";"PARANÁ";"160002546881";"-1";"Fundamentos legais de julgamento";"Inelegibilidade infraconstitucional(LC 64/90)"
"26/09/2026";"19:30:55";2026;2;"Eleição Ordinária";6259;"Eleições Gerais Estaduais 2026";"PR";"PR";"PARANÁ";"160002547602";"-1";"Fundamentos legais de julgamento";"Inelegibilidade infraconstitucional(LC 64/90)"
"26/09/2026";"19:30:55";2026;2;"Eleição Ordinária";6259;"Eleições Gerais Estaduais 2026";"PR";"PR";"PARANÁ";"160002549541";"-1";"Fundamentos legais de julgamento";"Ausência de desincompatibilização (LC 64/90)"
"26/09/2026";"19:30:55";2026;2;"Eleição Ordinária";6259;"Eleições Gerais Estaduais 2026";"PR";"PR";"PARANÁ";"160002549511";"-1";"Fundamentos legais de julgamento";"Ausência de quitação eleitoral (Lei 9.504/97)"
"26/09/2026";"19:30:55";2026;2;"Eleição Ordinária";6259;"Eleições Gerais Estaduais 2026";"PR";"PR";"PARANÁ";"160002552812";"-1";"Fundamentos legais de julgamento";"Ausência de quitação eleitoral (Lei 9.504/97)"
"26/09/2026";"19:30:55";2026;2;"Eleição Ordinária";6259;"Eleições Gerais Estaduais 2026";"PR";"PR";"PARANÁ";"160002553962";"-1";"Fundamentos legais de julgamento";"Desatendimento a requisito formal (Lei 9.504/97)"
"26/09/2026";"19:30:55";2026;2;"Eleição Ordinária";6259;"Eleições Gerais Estaduais 2026";"PR";"PR";"PARANÁ";"160002554123";"-1";"Fundamentos legais de julgamento";"Desatendimento a requisito formal (Lei 9.504/97)"
"26/09/2026";"19:30:55";2026;2;"Eleição Ordinária";6259;"Eleições Gerais Estaduais 2026";"PR";"PR";"PARANÁ";"160002549509";"-1";"Fundamentos legais de julgamento";"Desatendimento a requisito formal (Lei 9.504/97)"
"26/09/2026";"19:30:55";2026;2;"Eleição Ordinária";6259;"Eleições Gerais Estaduais 2026";"PR";"PR";"PARANÁ";"160002552792";"-1";"Fundamentos legais de julgamento";"Desatendimento a requisito formal (Lei 9.504/97)"
"26/09/2026";"19:30:55";2026;2;"Eleição Ordinária";6259;"Eleições Gerais Estaduais 2026";"PR";"PR";"PARANÁ";"160002553671";"-1";"Fundamentos legais de julgamento";"Desatendimento a requisito formal (Lei 9.504/97)"
"26/09/2026";"19:30:55";2026;2;"Eleição Ordinária";6259;"Eleições Gerais Estaduais 2026";"PR";"PR";"PARANÁ";"160002552563";"-1";"Fundamentos legais de julgamento";"Indeferimento do DRAP do partido político/federação/coligação"
"26/09/2026";"19:30:55";2026;2;"Eleição Ordinária";6259;"Eleições Gerais Estaduais 2026";"PR";"PR";"PARANÁ";"160002552564";"-1";"Fundamentos legais de julgamento";"Indeferimento do DRAP do partido político/federação/coligação"
"26/09/2026";"19:30:55";2026;2;"Eleição Ordinária";6259;"Eleições Gerais Estaduais 2026";"PR";"PR";"PARANÁ";"160002547709";"-1";"Fundamentos legais de julgamento";"Ausência de condição de elegibilidade"
"26/09/2026";"19:30:55";2026;2;"Eleição Ordinária";6259;"Eleições Gerais Estaduais 2026";"PR";"PR";"PARANÁ";"160002553653";"-1";"Fundamentos legais de julgamento";"Ausência de condição de elegibilidade"
"26/09/2026";"19:30:55";2026;2;"Eleição Ordinária";6259;"Eleições Gerais Estaduais 2026";"PR";"PR";"PARANÁ";"160002553657";"-1";"Fundamentos legais de julgamento";"Ausência de condição de elegibilidade"
"26/09/2026";"19:30:55";2026;2;"Eleição Ordinária";6259;"Eleições Gerais Estaduais 2026";"PR";"PR";"PARANÁ";"160002553962";"-1";"Fundamentos legais de julgamento";"Ausência de condição de elegibilidade"
"26/09/2026";"19:30:55";2026;2;"Eleição Ordinária";6259;"Eleições Gerais Estaduais 2026";"PR";"PR";"PARANÁ";"160002553672";"-1";"Fundamentos legais de julgamento";"Ausência de condição de elegibilidade"
"26/09/2026";"19:30:55";2026;2;"Eleição Ordinária";6259;"Eleições Gerais Estaduais 2026";"PR";"PR";"PARANÁ";"160002532879";"-1";"Fundamentos legais de julgamento";"Inelegibilidade infraconstitucional(LC 64/90)"
"26/09/2026";"19:30:55";2026;2;"Eleição Ordinária";6259;"Eleições Gerais Estaduais 2026";"PR";"PR";"PARANÁ";"160002542336";"-1";"Fundamentos legais de julgamento";"Inelegibilidade infraconstitucional(LC 64/90)"
"26/09/2026";"19:30:55";2026;2;"Eleição Ordinária";6259;"Eleições Gerais Estaduais 2026";"PR";"PR";"PARANÁ";"160002547495";"-1";"Fundamentos legais de julgamento";"Inelegibilidade infraconstitucional(LC 64/90)"
"26/09/2026";"19:30:55";2026;2;"Eleição Ordinária";6259;"Eleições Gerais Estaduais 2026";"PR";"PR";"PARANÁ";"160002547630";"-1";"Fundamentos legais de julgamento";"Inelegibilidade infraconstitucional(LC 64/90)"
"26/09/2026";"19:30:55";2026;2;"Eleição Ordinária";6259;"Eleições Gerais Estaduais 2026";"PR";"PR";"PARANÁ";"160002547563";"-1";"Fundamentos legais de julgamento";"Desatendimento a requisito formal (Lei 9.504/97)"
"26/09/2026";"19:30:55";2026;2;"Eleição Ordinária";6259;"Eleições Gerais Estaduais 2026";"PR";"PR";"PARANÁ";"160002554129";"-1";"Fundamentos legais de julgamento";"Desatendimento a requisito formal (Lei 9.504/97)"
"26/09/2026";"19:30:55";2026;2;"Eleição Ordinária";6259;"Eleições Gerais Estaduais 2026";"PR";"PR";"PARANÁ";"160002553388";"-1";"Fundamentos legais de julgamento";"Desatendimento a requisito formal (Lei 9.504/97)"
"26/09/2026";"19:30:55";2026;2;"Eleição Ordinária";6259;"Eleições Gerais Estaduais 2026";"PR";"PR";"PARANÁ";"160002552566";"-1";"Fundamentos legais de julgamento";"Indeferimento do DRAP do partido político/federação/coligação"
"26/09/2026";"19:30:55";2026;2;"Eleição Ordinária";6259;"Eleições Gerais Estaduais 2026";"PR";"PR";"PARANÁ";"160002552567";"-1";"Fundamentos legais de julgamento";"Indeferimento do DRAP do partido político/federação/coligação"
"26/09/2026";"19:30:55";2026;2;"Eleição Ordinária";6259;"Eleições Gerais Estaduais 2026";"PR";"PR";"PARANÁ";"160002552562";"-1";"Fundamentos legais de julgamento";"Indeferimento do DRAP do partido político/federação/coligação"
"26/09/2026";"19:30:55";2026;2;"Eleição Ordinária";6259;"Eleições Gerais Estaduais 2026";"PR";"PR";"PARANÁ";"160002547588";"-1";"Fundamentos legais de julgamento";"Ausência de condição de elegibilidade"
"26/09/2026";"19:30:55";2026;2;"Eleição Ordinária";6259;"Eleições Gerais Estaduais 2026";"PR";"PR";"PARANÁ";"160002554123";"-1";"Fundamentos legais de julgamento";"Ausência de condição de elegibilidade"
"26/09/2026";"19:30:55";2026;2;"Eleição Ordinária";6259;"Eleições Gerais Estaduais 2026";"PR";"PR";"PARANÁ";"160002541984";"-1";"Fundamentos legais de julgamento";"Inelegibilidade constitucional"
"26/09/2026";"19:30:55";2026;2;"Eleição Ordinária";6259;"Eleições Gerais Estaduais 2026";"PR";"PR";"PARANÁ";"160002553375";"-1";"Fundamentos legais de julgamento";"Inelegibilidade infraconstitucional(LC 64/90)"
"26/09/2026";"19:30:55";2026;2;"Eleição Ordinária";6259;"Eleições Gerais Estaduais 2026";"PR";"PR";"PARANÁ";"160002533448";"-1";"Fundamentos legais de julgamento";"Ausência de quitação eleitoral (Lei 9.504/97)"
"26/09/2026";"19:30:55";2026;2;"Eleição Ordinária";6259;"Eleições Gerais Estaduais 2026";"PR";"PR";"PARANÁ";"160002546869";"-1";"Fundamentos legais de julgamento";"Ausência de quitação eleitoral (Lei 9.504/97)"
"26/09/2026";"19:30:55";2026;2;"Eleição Ordinária";6259;"Eleições Gerais Estaduais 2026";"PR";"PR";"PARANÁ";"160002547735";"-1";"Fundamentos legais de julgamento";"Ausência de quitação eleitoral (Lei 9.504/97)"
"26/09/2026";"19:30:55";2026;2;"Eleição Ordinária";6259;"Eleições Gerais Estaduais 2026";"PR";"PR";"PARANÁ";"160002542334";"-1";"Fundamentos legais de julgamento";"Desatendimento a requisito formal (Lei 9.504/97)"
"26/09/2026";"19:30:55";2026;2;"Eleição Ordinária";6259;"Eleições Gerais Estaduais 2026";"PR";"PR";"PARANÁ";"160002553657";"-1";"Fundamentos legais de julgamento";"Desatendimento a requisito formal (Lei 9.504/97)"
"26/09/2026";"19:30:55";2026;2;"Eleição Ordinária";6259;"Eleições Gerais Estaduais 2026";"PR";"PR";"PARANÁ";"160002554128";"-1";"Fundamentos legais de julgamento";"Desatendimento a requisito formal (Lei 9.504/97)"
"26/09/2026";"19:30:55";2026;2;"Eleição Ordinária";6259;"Eleições Gerais Estaduais 2026";"PR";"PR";"PARANÁ";"160002552560";"-1";"Fundamentos legais de julgamento";"Indeferimento do DRAP do partido político/federação/coligação"
"26/09/2026";"19:30:55";2026;2;"Eleição Ordinária";6259;"Eleições Gerais Estaduais 2026";"PR";"PR";"PARANÁ";"160002552561";"-1";"Fundamentos legais de julgamento";"Indeferimento do DRAP do partido político/federação/coligação"
"26/09/2026";"19:30:55";2026;2;"Eleição Ordinária";6259;"Eleições Gerais Estaduais 2026";"PR";"PR";"PARANÁ";"160002552568";"-1";"Fundamentos legais de julgamento";"Indeferimento do DRAP do partido político/federação/coligação"
"26/09/2026";"19:30:55";2026;2;"Eleição Ordinária";6259;"Eleições Gerais Estaduais 2026";"PR";"PR";"PARANÁ";"160002541985";"-1";"Fundamentos legais de julgamento";"Ausência de condição de elegibilidade"
"26/09/2026";"19:30:55";2026;2;"Eleição Ordinária";6259;"Eleições Gerais Estaduais 2026";"PR";"PR";"PARANÁ";"160002554124";"-1";"Fundamentos legais de julgamento";"Ausência de condição de elegibilidade"
"26/09/2026";"19:30:55";2026;2;"Eleição Ordinária";6259;"Eleições Gerais Estaduais 2026";"PR";"PR";"PARANÁ";"160002554125";"-1";"Fundamentos legais de julgamento";"Ausência de condição de elegibilidade"
"26/09/2026";"19:30:55";2026;2;"Eleição Ordinária";6259;"Eleições Gerais Estaduais 2026";"PR";"PR";"PARANÁ";"160002552814";"-1";"Fundamentos legais de julgamento";"Ausência de condição de elegibilidade"
"26/09/2026";"19:30:55";2026;2;"Eleição Ordinária";6259;"Eleições Gerais Estaduais 2026";"PR";"PR";"PARANÁ";"160002554286";"-1";"Fundamentos legais de julgamento";"Ausência de condição de elegibilidade"
"26/09/2026";"19:30:55";2026;2;"Eleição Ordinária";6259;"Eleições Gerais Estaduais 2026";"PR";"PR";"PARANÁ";"160002540786";"-1";"Fundamentos legais de julgamento";"Inelegibilidade infraconstitucional(LC 64/90)"
"26/09/2026";"19:30:55";2026;2;"Eleição Ordinária";6259;"Eleições Gerais Estaduais 2026";"PR";"PR";"PARANÁ";"160002549541";"-1";"Fundamentos legais de julgamento";"Inelegibilidade infraconstitucional(LC 64/90)"
"26/09/2026";"19:30:55";2026;2;"Eleição Ordinária";6259;"Eleições Gerais Estaduais 2026";"PR";"PR";"PARANÁ";"160002551012";"-1";"Fundamentos legais de julgamento";"Inelegibilidade infraconstitucional(LC 64/90)"
"26/09/2026";"19:30:55";2026;2;"Eleição Ordinária";6259;"Eleições Gerais Estaduais 2026";"PR";"PR";"PARANÁ";"160002553368";"-1";"Fundamentos legais de julgamento";"Inelegibilidade infraconstitucional(LC 64/90)"
"26/09/2026";"19:30:55";2026;2;"Eleição Ordinária";6259;"Eleições Gerais Estaduais 2026";"PR";"PR";"PARANÁ";"160002542334";"-1";"Fundamentos legais de julgamento";"Ausência de quitação eleitoral (Lei 9.504/97)"
"26/09/2026";"19:30:55";2026;2;"Eleição Ordinária";6259;"Eleições Gerais Estaduais 2026";"PR";"PR";"PARANÁ";"160002554125";"-1";"Fundamentos legais de julgamento";"Desatendimento a requisito formal (Lei 9.504/97)"
"26/09/2026";"19:30:55";2026;2;"Eleição Ordinária";6259;"Eleições Gerais Estaduais 2026";"PR";"PR";"PARANÁ";"160002547389";"-1";"Fundamentos legais de julgamento";"Desatendimento a requisito formal (Lei 9.504/97)"
"26/09/2026";"19:30:55";2026;2;"Eleição Ordinária";6259;"Eleições Gerais Estaduais 2026";"PR";"PR";"PARANÁ";"160002549510";"-1";"Fundamentos legais de julgamento";"Desatendimento a requisito formal (Lei 9.504/97)"
"26/09/2026";"19:30:55";2026;2;"Eleição Ordinária";6259;"Eleições Gerais Estaduais 2026";"PR";"PR";"PARANÁ";"160002553668";"-1";"Fundamentos legais de julgamento";"Desatendimento a requisito formal (Lei 9.504/97)"
"26/09/2026";"19:30:55";2026;2;"Eleição Ordinária";6259;"Eleições Gerais Estaduais 2026";"PR";"PR";"PARANÁ";"160002552565";"-1";"Fundamentos legais de julgamento";"Indeferimento do DRAP do partido político/federação/coligação"
